{"cameraMode":{"drawMode":0,"name":"Shaded","section":"Shading Mode"},"sceneLighting":false,"audioPlay":false,"sceneViewState":{"m_AlwaysRefresh":false,"showFog":true,"showSkybox":true,"showFlares":true,"showImageEffects":true,"showParticleSystems":true,"showVisualEffectGraphs":true,"m_FxEnabled":true},"in2DMode":false,"pivot":{"x":3.035555362701416,"y":1.3244178295135499,"z":12.69163703918457},"rotation":{"x":0.1007193997502327,"y":0.16486090421676637,"z":-0.016926346346735956,"w":0.9810206890106201},"size":7.097867012023926,"orthographic":false}